username,timestamp,content,mentions,hashtags
Green Red Stocks,2025-07-12T08:41:53.000Z,"Green Red Stocks
@GreenRedStocks
¬∑
15m
Replying to 
@GreenRedStocks
Momentum started ...as we mentioned Earlier..
#GOLD #goldfutures #mcx #Nifty50 #banknifty
10","@GreenRedStocks, @GreenRedStocks","#GOLD, #goldfutures, #mcx, #Nifty50, #banknifty"
Share Market Positional Calls,2025-07-12T08:38:44.000Z,"Share Market Positional Calls
@PositionalShare
¬∑
18m
STOCK QUERY SESSION

Ask Your Stock Query??

Also mention your view (short, mid, long)

WATSAPP HERE
https://wa.me/message/DKCKMG4BYL2WM1‚Ä¶

#stockmarketcrash #StockMarket #Nifty50 #banknifty #Breakout #Trending #LoveIslandUSA #LoveIsland #zordayizgecinemiyoruz #lgs2025
1
65",@PositionalShare,"#stockmarketcrash, #StockMarket, #Nifty50, #banknifty, #Breakout, #Trending, #LoveIslandUSA, #LoveIsland, #zordayizgecinemiyoruz, #lgs2025"
BMSMONEY,2025-07-12T08:30:00.000Z,"BMSMONEY
@BMS_MONEY
¬∑
27m
Top 10   Equity Savings Mutual Funds for 2025 Ranked by composite performance   score
  As of June 30, 2025. 
      https://bmsmoney.com/eng/mutual-fund/top-performing-equity-savings-fund‚Ä¶
    #mutualfunds #MutualFundsSahiHai #NIFTYFUTURE #nifty50 #NiftyIT   #NiftyMidcap #NiftyBank #niftyOptions #sensex #India #FIIs #DIIs
16",@BMS_MONEY,"#mutualfunds, #MutualFundsSahiHai, #NIFTYFUTURE, #nifty50, #NiftyIT, #NiftyMidcap, #NiftyBank, #niftyOptions, #sensex, #India, #FIIs, #DIIs"
Trades by CR,2025-07-12T08:25:05.000Z,"Trades by CR
@c_r_market
¬∑
32m
Kaisa laga Mazak
Keep trailing
8000 points up #nifty50 #niftyOptions #bankex #banknifty #BankNiftyOptions #SBIN #NiftyBank #BTCUSD #cryptocurrency #Bitcoin #memecoin #ElonMusk #trumpvsmusk #WealthBuilding Binance Alpha #Silver #MLC2025 #BTCUSDT #Altcoins #memecoins #Coinstrading
Quote
Trades by CR
@c_r_market
¬∑
Jul 6
Btc/usd 
Buy 

Note :: We are not responsible for any profit and loss. Consult your financial advisor before initiating any trade. #nifty50 #niftyOptions #bankex #banknifty #BankNiftyOptions #SBIN #NiftyBank #BTCUSD #cryptocurrency #Bitcoin #memecoin #ElonMusk #trumpvsmusk
107","@c_r_market, @c_r_market","#nifty50, #niftyOptions, #bankex, #banknifty, #BankNiftyOptions, #SBIN, #NiftyBank, #BTCUSD, #cryptocurrency, #Bitcoin, #memecoin, #ElonMusk, #trumpvsmusk, #WealthBuilding, #Silver, #MLC2025, #BTCUSDT, #Altcoins, #memecoins, #Coinstrading, #nifty50, #niftyOptions, #bankex, #banknifty, #BankNiftyOptions, #SBIN, #NiftyBank, #BTCUSD, #cryptocurrency, #Bitcoin, #memecoin, #ElonMusk, #trumpvsmusk"
Anish Verma,2025-07-12T08:19:33.000Z,"Anish Verma
@anishverma1985
¬∑
37m
BSE Ltd is preparing for the big discount deal, don't leave it, just grab it on every dip

#BSE #JaneStreetGroup #Nifty50 #SmallCaps #Midcap
16",@anishverma1985,"#BSE, #JaneStreetGroup, #Nifty50, #SmallCaps, #Midcap"
Chart Analysis by Santhosh Muthukumaran ,2025-07-12T08:15:19.000Z,"Stock Market India
Chart Analysis by Santhosh Muthukumaran 
@ChartAtlas
¬∑
41m
Gained 10%  - #COROMANDEL (2118 ‚Üí 2325).

 Updated chart and analysis in the next tweet

#stockmarket #nifty #nifty50 #priceaction
Quote
Chart Analysis by Santhosh Muthukumaran 
@ChartAtlas
¬∑
Apr 20
#COROMANDEL - Multi Timeframe Price Action analysis :

Weekly chart  - CMP 2,118.30

 Strong uptrend reinforced by recent Morning Star pattern forming near the rising 21EMA (Orange).
 Underlying strength highlighted by prior Hidden Bullish Divergence on RSI. 
 RSI
Show more
2
71","@ChartAtlas, @ChartAtlas","#COROMANDEL, #stockmarket, #nifty, #nifty50, #priceaction, #COROMANDEL"
SAMITZINVESTING,2025-07-12T08:09:53.000Z,"SAMITZINVESTING
@samitzinvesting
¬∑
47m
Thread : What Happened in Indian Markets Over the Last 3 Months? 

A complete breakdown of trends, flows, sectors & sentiment 
#StockMarket #Nifty50 #Sensex #FII #DII #IndiaInvesting
1
25",@samitzinvesting,"#StockMarket, #Nifty50, #Sensex, #FII, #DII, #IndiaInvesting"
Aamir Kuraishi Official,2025-07-12T08:08:08.000Z,"Aamir Kuraishi Official
@Aamir_Kuraishi
¬∑
48m
#Nifty50 Be Like 


@HoldwithPriyank
 Sir  ‡§¶‡•ç‡§µ‡§æ‡§∞‡§æ ‡§ñ‡•Ä‡§Ç‡§ö‡•Ä ‡§ó‡§à ‡§≤‡§æ‡§á‡§® ‡§ï‡§≠‡•Ä ‡§ó‡§≤‡§§ ‡§®‡§π‡•Ä‡§Ç ‡§π‡•ã ‡§∏‡§ï‡§§‡§æ 100% ‡§π‡§Æ‡•á‡§∂‡§æ ‡§∏‡§ö ‡§π‡•ã‡§§‡§æ ‡§π‡•à 

‡§π‡§æ‡§Ç ‡§Ö‡§ó‡§∞ ‡§ï‡•ã‡§à ‡§Ö‡§ö‡§æ‡§®‡§ï ‡§®‡•ç‡§Ø‡•Ç‡§ú‡§º ‡§®‡§æ ‡§Ü‡§è ‡§§‡•ã 19-20 ‡§π‡•ã ‡§∏‡§ï‡§§‡§æ ‡§π‡•à ‡§Æ‡§ó‡§∞ ‡§π‡§Æ‡•á‡§∂‡§æ 100% ‡§ü‡§æ‡§∞‡§ó‡•á‡§ü ‡§ï‡§Ç‡§™‡•ç‡§≤‡•Ä‡§ü ‡§π‡•ã ‡§ú‡§æ‡§§‡§æ ‡§π‡•à ! 


@HoldwithPriyank
  sir 

 ‡§π‡§Æ‡•á‡§Ç 11-7-2025 ‡§ï‡•ã 263200/- profit ‡§π‡•Å‡§Ü ‡§π‡•à 
1
8
12
235","@Aamir_Kuraishi, @HoldwithPriyank, @HoldwithPriyank",#Nifty50
pkwebdesign,2025-07-12T08:05:32.000Z,"pkwebdesign
@HarsApp
¬∑
51m
#Nifty50 #StockMarket
The media could not be played.
Reload
16",@HarsApp,"#Nifty50, #StockMarket"
BMSMONEY,2025-07-12T08:00:00.000Z,"BMSMONEY
@BMS_MONEY
¬∑
57m
Top 10   Balanced Advantage Mutual Funds for 2025 Ranked by composite performance   score
  As of June 30, 2025. 
      https://bmsmoney.com/eng/mutual-fund/top-performing-balanced-advantage-fund‚Ä¶
    #mutualfunds #MutualFundsSahiHai #NIFTYFUTURE #nifty50 #NiftyIT   #NiftyMidcap #NiftyBank #niftyOptions #sensex #India #FIIs #DIIs
23",@BMS_MONEY,"#mutualfunds, #MutualFundsSahiHai, #NIFTYFUTURE, #nifty50, #NiftyIT, #NiftyMidcap, #NiftyBank, #niftyOptions, #sensex, #India, #FIIs, #DIIs"
Angel Nifty BankNifty,2025-07-12T07:55:07.000Z,"Angel Nifty BankNifty
@AngelBanknifty
¬∑
1h
India Vs RoW | Here's how the major global indices performed last week 

#Nifty50 #Nasdaq #DowJones #FTSE #CAC #DAX #HangSeng #Kospi #Shanghai #Nikkei
53",@AngelBanknifty,"#Nifty50, #Nasdaq, #DowJones, #FTSE, #CAC, #DAX, #HangSeng, #Kospi, #Shanghai, #Nikkei"
Soctr.IN,2025-07-12T07:39:50.000Z,"Soctr.IN
@MySoctr
¬∑
1h
#ScreenersPerformaceLastWeek

Check #trending #chartpatterns and #Updates on http://my.soctr.in/x and ""follow"" 
@MySoctr


#Nifty #Nifty50 #investing #breakoutstocks #StocksInFocus #StocksToWatch #stocks #StocksToBuy #StocksToTrade #StockMarket #trading #stockmarkets #Breakout
Show more
106","@MySoctr, @MySoctr","#ScreenersPerformaceLastWeek, #trending, #chartpatterns, #Updates, #Nifty, #Nifty50, #investing, #breakoutstocks, #StocksInFocus, #StocksToWatch, #stocks, #StocksToBuy, #StocksToTrade, #StockMarket, #trading, #stockmarkets, #Breakout"
Soctr.IN,2025-07-12T07:38:21.000Z,"Soctr.IN
@MySoctr
¬∑
1h
#ScreenersPerformaceThisWeek
 
Check #trending #chartpatterns and #Updates on http://my.soctr.in/x and ""follow"" 
@MySoctr


#Nifty #Nifty50 #investing #breakoutstocks #StocksInFocus #StocksToWatch #stocks #StocksToBuy #StocksToTrade #StockMarket #trading #stockmarkets #Breakout
Show more
108","@MySoctr, @MySoctr","#ScreenersPerformaceThisWeek, #trending, #chartpatterns, #Updates, #Nifty, #Nifty50, #investing, #breakoutstocks, #StocksInFocus, #StocksToWatch, #stocks, #StocksToBuy, #StocksToTrade, #StockMarket, #trading, #stockmarkets, #Breakout"
Soctr.IN,2025-07-12T07:36:24.000Z,"Soctr.IN
@MySoctr
¬∑
1h
#ScreenersHighlightsYesterday 

Check #trending #chartpatterns and #Updates on http://my.soctr.in/x and ""follow""  
@MySoctr


#Nifty #Nifty50 #investing #breakoutstocks #StocksInFocus #StocksToWatch #stocks #StocksToBuy #StocksToTrade #StockMarket #trading #stockmarkets
Show more
106","@MySoctr, @MySoctr","#ScreenersHighlightsYesterday, #trending, #chartpatterns, #Updates, #Nifty, #Nifty50, #investing, #breakoutstocks, #StocksInFocus, #StocksToWatch, #stocks, #StocksToBuy, #StocksToTrade, #StockMarket, #trading, #stockmarkets"
Manisha Jadhav,2025-07-12T07:32:04.000Z,"Manisha Jadhav
@BeingHumane14
¬∑
1h
To all the option buyers 

#StockMarketIndia #Nifty50 #optiontrading #punjabi #trading
The media could not be played.
Reload
1
28",@BeingHumane14,"#StockMarketIndia, #Nifty50, #optiontrading, #punjabi, #trading"
BMSMONEY,2025-07-12T07:30:00.000Z,"BMSMONEY
@BMS_MONEY
¬∑
1h
Top 10   Conservative Hybrid Mutual Funds for 2025 Ranked by composite performance   score
  As of June 30, 2025. 
      https://bmsmoney.com/eng/mutual-fund/top-performing-conservative-hybrid-fund‚Ä¶
    #mutualfunds #MutualFundsSahiHai #NIFTYFUTURE #nifty50 #NiftyIT   #NiftyMidcap #NiftyBank #niftyOptions #sensex #India #FIIs #DIIs
40",@BMS_MONEY,"#mutualfunds, #MutualFundsSahiHai, #NIFTYFUTURE, #nifty50, #NiftyIT, #NiftyMidcap, #NiftyBank, #niftyOptions, #sensex, #India, #FIIs, #DIIs"
Deepak Option Trader(D.O.T),2025-07-12T07:29:54.000Z,"Deepak Option Trader(D.O.T)
@OptiontraderDK
¬∑
1h
From Monday will share my view on indexes everyday (trading day)

With trade and logic...

Stay tuned 

And 

Do follow

#stockmarketcrash #StockMarket #nifty50 #nifty #herozero #sensex #banknifty
1
141",@OptiontraderDK,"#stockmarketcrash, #StockMarket, #nifty50, #nifty, #herozero, #sensex, #banknifty"
Deepak Option Trader(D.O.T),2025-07-12T07:28:19.000Z,"Deepak Option Trader(D.O.T)
@OptiontraderDK
¬∑
1h
I will share one herozero trade tomorrow with the risk of 5k/6k

Reward 12k/18k/22k

Stay tuned and 

Do follow

#stockmarketcrash #StockMarket #nifty50 #nifty #herozero #sensex #banknifty
129",@OptiontraderDK,"#stockmarketcrash, #StockMarket, #nifty50, #nifty, #herozero, #sensex, #banknifty"
Brinks Report,2025-07-12T07:28:09.000Z,"Brinks Report
@brinksreportcom
¬∑
1h
Broader indices ended their 2-week run, but smallcaps like Peninsula Land & Dish TV jumped up to 39%! 
#StockMarketIndia #Nifty50 #Sensex #Smallcaps

Read more
Stock Markets Fall Amid Trade Worries, But Some Smallcaps Gain Over 30% - Brinks Report
From brinksreport.com
32",@brinksreportcom,"#StockMarketIndia, #Nifty50, #Sensex, #Smallcaps"
Deepak Option Trader(D.O.T),2025-07-12T07:26:09.000Z,"Deepak Option Trader(D.O.T)
@OptiontraderDK
¬∑
1h
Ready for the crash ....next week + last week 

Nifty will crack more than 1000
Banknifty to test 53000 or more

#stockmarketcrash #StockMarket #banknifty #niftycrash
#nifty50 #nifty
Bookmark for future
Quote
Deepak Option Trader(D.O.T)
@OptiontraderDK
¬∑
Jul 10

800-1000 points bleeding  in #Nifty50 in coming week possible 

#Niftycrash

Stay cautios 

#stockmarketcrash #StockMarket #TCS #banknifty
125","@OptiontraderDK, @OptiontraderDK","#stockmarketcrash, #StockMarket, #banknifty, #niftycrash, #nifty50, #nifty, #Nifty50, #Niftycrash, #stockmarketcrash, #StockMarket, #TCS, #banknifty"
mNivesh,2025-07-12T07:25:00.000Z,"mNivesh
@mniveshTeam
¬∑
1h
SIP: Because building wealth should be boringly effective. 

#GIFTNIFTY #niveshonline #StockMarketNews #StockMarketIndia #StockMarket #Indianmarket #IndianStock #Mutualfund #StocksToBuy #nifty50
32",@mniveshTeam,"#GIFTNIFTY, #niveshonline, #StockMarketNews, #StockMarketIndia, #StockMarket, #Indianmarket, #IndianStock, #Mutualfund, #StocksToBuy, #nifty50"
shyam saraswathi,2025-07-12T07:21:12.000Z,"shyam saraswathi
@saraswathi35004
¬∑
1h
‡¥®‡¥ø‡¥ï‡µç‡¥∑‡µá‡¥™‡¥ï‡¥∞‡µÜ ‡¥∏‡¥Ç‡¥¨‡¥®‡µç‡¥ß‡¥ø‡¥ö‡µç‡¥ö‡¥ø‡¥ü‡¥§‡µç‡¥§‡µã‡¥≥‡¥Ç ‡¥±‡µÜ‡¥Ø‡¥ø‡µΩ‡¥µ‡µá ‡¥ì‡¥π‡¥∞‡¥ø‡¥ï‡µæ ‡¥Æ‡¥ø‡¥ï‡¥ö‡µç‡¥ö ‡¥§‡¥ø‡¥∞‡¥û‡µç‡¥û‡µÜ‡¥ü‡µÅ‡¥™‡µç‡¥™‡¥æ‡¥£‡µç. ‡¥Ü‡¥ß‡µÅ‡¥®‡¥ø‡¥ï‡¥µ‡µΩ‡¥ï‡µç‡¥ï‡¥∞‡¥£‡¥Ç, ‡¥ö‡¥∞‡¥ï‡µç‡¥ï‡µç ‡¥ï‡¥æ‡¥∞‡µç‡¥Ø‡¥ï‡µç‡¥∑‡¥Æ‡¥§, ‡¥®‡¥ó‡¥∞ ‡¥ó‡¥§‡¥æ‡¥ó‡¥§‡¥Ç ‡¥é‡¥®‡µç‡¥®‡¥ø‡¥µ‡¥Ø‡¥ø‡µΩ ‡¥∏‡µº‡¥ï‡µç‡¥ï‡¥æ‡µº ‡¥ä‡¥®‡µç‡¥®‡µΩ ‡¥®‡µΩ‡¥ï‡µÅ‡¥®‡µç‡¥®‡¥§‡¥ø‡¥®‡¥æ‡µΩ, ‡¥±‡µÜ‡¥Ø‡¥ø‡µΩ‡¥µ‡µá ‡¥ï‡¥Æ‡µç‡¥™‡¥®‡¥ø‡¥ï‡µæ‡¥ï‡µç‡¥ï‡µç ‡¥Æ‡¥ø‡¥ï‡¥ö‡µç‡¥ö ‡¥ì‡µº‡¥°‡¥±‡µÅ‡¥ï‡µæ ‡¥®‡µá‡¥ü‡µÅ‡¥®‡µç‡¥®‡µÅ‡¥£‡µç‡¥ü‡µç
#StockMarket #Nifty50
‡¥µ‡¥ø‡¥≤ 191 ‡¥∞‡µÇ‡¥™ ‡¥Æ‡µÅ‡¥§‡µΩ, ‡¥ï‡µá‡¥æ‡¥ü‡¥ø‡¥ï‡¥≥‡µÅ‡¥ü‡µÜ ‡¥ì‡µº‡¥°‡µº ‡¥¨‡µÅ‡¥ï‡µç‡¥ï‡µç, 2025-‡µΩ ‡¥∂‡µç‡¥∞‡¥¶‡µç‡¥ß‡¥ø‡¥ï‡µç‡¥ï‡µá‡¥£‡µç‡¥ü 3 ‡¥±‡µÜ‡¥Ø‡¥ø‡µΩ‡¥µ‡µá ‡¥ì‡¥π‡¥∞‡¥ø‡¥ï‡µæ
From malayalam.goodreturns.in
17",@saraswathi35004,"#StockMarket, #Nifty50"
Marwadi Shares and Finance Ltd.,2025-07-12T07:20:06.000Z,"Marwadi Shares and Finance Ltd.
@MarwadiHQ
¬∑
1h
Not just news ‚Äî insights.
Saturday Spotlight wraps the week so you‚Äôre ready for Monday.

#SpotlightSaturday #Nifty #Nifty50 #Sensex #StockMarket #ShareMarket #ShareMarketInvesting #Investing #Investment #StockInvesting #StockInvestments#MSFL #MSFLIndia #MSFLHQ #MarwadiHQ
The media could not be played.
Reload
94",@MarwadiHQ,"#SpotlightSaturday, #Nifty, #Nifty50, #Sensex, #StockMarket, #ShareMarket, #ShareMarketInvesting, #Investing, #Investment, #StockInvesting, #StockInvestments, #MSFL, #MSFLIndia, #MSFLHQ, #MarwadiHQ"
Rohit Mehta (SEBI Regd. RA No. INH100009080),2025-07-12T07:17:36.000Z,"Rohit Mehta (SEBI Regd. RA No. INH100009080)
@envisager_rohit
¬∑
1h
Replying to 
@envisager_rohit
4. Den Networks Ltd Key Levels & Chart Trend

 Key Levels:
 Support Zone: ‚Çπ35‚Äì‚Çπ38 (tested multiple times)
 Resistance 1: ‚Çπ115
 Resistance 2: ‚Çπ188
 ATH Resistance 3: ‚Çπ254

#DenNetworks #DEN #StockMarket #stockmarketcrash #StockMarketIndia #StocksToWatch #Nifty50
1
41","@envisager_rohit, @envisager_rohit","#DenNetworks, #DEN, #StockMarket, #stockmarketcrash, #StockMarketIndia, #StocksToWatch, #Nifty50"
Abhiral Rai,2025-07-12T07:11:42.000Z,"Abhiral Rai
@optionadictbnf
¬∑
1h
Drop your stock market related queries 
One person one queries...
#Nifty50 #niftyoptions #StockMarketIndia
5
4
194",@optionadictbnf,"#Nifty50, #niftyoptions, #StockMarketIndia"
Harrshh Poddaar,2025-07-12T07:09:28.000Z,"Harrshh Poddaar
@harshpoddar91
¬∑
1h
Highlights of the week ended 11th July 2025

#Nifty50 #banknifty #GOLD #silver #StocksToWatch #consumers #FMCG  #DEFENCE #Investing #MutualFunds #NIFTYIT
85",@harshpoddar91,"#Nifty50, #banknifty, #GOLD, #silver, #StocksToWatch, #consumers, #FMCG, #DEFENCE, #Investing, #MutualFunds, #NIFTYIT"
Boss Investor,2025-07-12T07:06:02.000Z,"Boss Investor
@BossInvestor24
¬∑
1h
Follow 
@BossInvestor24
 for more such handy notes

https://x.com/BossInvestor24/status/1943547423760220235?ref_src=twsrc%5Etfw%7Ctwcamp%5Etweetembed%7Ctwterm%5E1943547423760220235%7Ctwgr%5Ebd1e8d2e332814cada2b9df95751d1a116835e14%7Ctwcon%5Es1_c10&ref_url=https%3A%2F%2Fpublish.twitter.com%2F%3Furl%3Dhttps%3A%2F%2Ftwitter.com%2FBossInvestor24%2Fstatus%2F1943547423760220235‚Ä¶

#Stockmarketindia #IntradayTrading #Stocks #Silver #Breakoutstocks #StocksToFocus #Nifty50 #Sensex #IPOAlert #SpecialtyChemicals #ChemicalStocks #AI171 #PriceAction #niftycrash
Quote
Boss Investor
@BossInvestor24
¬∑
Jul 11
From Refrigerants to Specialty Chemicals

Navin Fluorine has quietly built a moat in India's fluorochemicals space.

Here‚Äôs a breakdown - OPEN THREAD 

#SpecialtyChemicals #Fluorochemicals #IREDA #ChemicalStocks #WorldPopulationDay #GLENMARK #stockmarketcrash #Pharma #Earnings
183","@BossInvestor24, @BossInvestor24, @BossInvestor24","#Stockmarketindia, #IntradayTrading, #Stocks, #Silver, #Breakoutstocks, #StocksToFocus, #Nifty50, #Sensex, #IPOAlert, #SpecialtyChemicals, #ChemicalStocks, #AI171, #PriceAction, #niftycrash, #SpecialtyChemicals, #Fluorochemicals, #IREDA, #ChemicalStocks, #WorldPopulationDay, #GLENMARK, #stockmarketcrash, #Pharma, #Earnings"
BMSMONEY,2025-07-12T07:00:01.000Z,"BMSMONEY
@BMS_MONEY
¬∑
1h
Top 10   Arbitrage Mutual Funds for 2025 Ranked by composite performance score
  As of June 30, 2025. 
      https://bmsmoney.com/eng/mutual-fund/top-performing-arbitrage-fund‚Ä¶
    #mutualfunds #MutualFundsSahiHai #NIFTYFUTURE #nifty50 #NiftyIT   #NiftyMidcap #NiftyBank #niftyOptions #sensex #India #FIIs #DIIs
41",@BMS_MONEY,"#mutualfunds, #MutualFundsSahiHai, #NIFTYFUTURE, #nifty50, #NiftyIT, #NiftyMidcap, #NiftyBank, #niftyOptions, #sensex, #India, #FIIs, #DIIs"
layHunter,2025-07-12T06:48:59.000Z,"layHunter
@layHunterr
¬∑
2h
PM Modi ‡§ö‡•Å‡§®‡§æ‡§µ ‡§Ü‡§Ø‡•ã‡§ó ‡§∞‡§æ‡§ß‡§ø‡§ï‡§æ ‡§Ø‡§æ‡§¶‡§µ Kohli Aadhar Gurgaon SEBI #sharemarket #TradingTips Maharashtra #verifiedbysensibull #tcs #TATAIPL #SBIN #nseindia #GIFTNIFTY #Sgxnifty 
@XCorpIndia
 #Nifty50 #zerodha #Crudeoil #Sensex #BTCUSD #HDFCBank #ADANIENT #TataMotors https://bit.ly/3Y7X6Kx
134","@layHunterr, @XCorpIndia","#sharemarket, #TradingTips, #verifiedbysensibull, #tcs, #TATAIPL, #SBIN, #nseindia, #GIFTNIFTY, #Sgxnifty, #Nifty50, #zerodha, #Crudeoil, #Sensex, #BTCUSD, #HDFCBank, #ADANIENT, #TataMotors"
CA RAJEEV GUPTA,2025-07-12T06:48:44.000Z,"CA RAJEEV GUPTA
@RajeevGuptaCA
¬∑
2h
BOB Share Price Target 2025,2030,2035,2040

#incometax #ITR2025 #banknifty
#stockmarketcrash #Nifty #Nifty50  #StockMarketIndia #StockMarket  #Sensex  #stockmarketsindia #StocksToBuy #StocksInFocus #StocksToTrade
BOB Share Price Target 2025,2030,2035,2040 - News4You
From news4you.in
1
1
117",@RajeevGuptaCA,"#incometax, #ITR2025, #banknifty, #stockmarketcrash, #Nifty, #Nifty50, #StockMarketIndia, #StockMarket, #Sensex, #stockmarketsindia, #StocksToBuy, #StocksInFocus, #StocksToTrade"
CA RAJEEV GUPTA,2025-07-12T06:47:35.000Z,"CA RAJEEV GUPTA
@RajeevGuptaCA
¬∑
2h
This Big NBFC Company Has Announced One Free Bonus Share For Every Share Held by the Shareholders

 #banknifty
#stockmarketcrash #Nifty #Nifty50  #StockMarketIndia #StockMarket  #Sensex  #stockmarketsindia #StocksToBuy #StocksInFocus #StocksToTrade
This Big NBFC Company Has Announced One Free Bonus Share For Every Share Held by the Shareholders -...
From moneyinsight.in
1
1
114",@RajeevGuptaCA,"#banknifty, #stockmarketcrash, #Nifty, #Nifty50, #StockMarketIndia, #StockMarket, #Sensex, #stockmarketsindia, #StocksToBuy, #StocksInFocus, #StocksToTrade"
stocks acadmy,2025-07-12T06:46:44.000Z,"stocks acadmy
@hayat152030
¬∑
2h
#Nifty50:15 min time frame
36",@hayat152030,#Nifty50
ùêÄùê£ùê¢ùê≠,2025-07-12T06:42:56.000Z,"ùêÄùê£ùê¢ùê≠
@____ajit____
¬∑
2h
link between policy rates and GDP growth is ambiguous.demand side factor also matters #Nifty50 #StocksToBuy ##GIFTNIFTY
1
2
43",@____ajit____,"#Nifty50, #StocksToBuy, #GIFTNIFTY"
Jagran Business,2025-07-12T06:37:00.000Z,"Jagran Business
@JagranBizNews
¬∑
2h
‡§¨‡§ø‡§π‡§æ‡§∞ ‡§¨‡§®‡§æ ‡§®‡§ø‡§µ‡•á‡§∂ ‡§ï‡§æ ‡§®‡§Ø‡§æ ‡§™‡§æ‡§µ‡§∞‡§π‡§æ‡§â‡§∏! 5 ‡§∏‡§æ‡§≤ ‡§Æ‡•á‡§Ç 650% ‡§ó‡•ç‡§∞‡•ã‡§•! 

#niftycrash #Nifty50 #demataccount #BiharElections2025 #Bihar
The media could not be played.
Reload
52",@JagranBizNews,"#niftycrash, #Nifty50, #demataccount, #BiharElections2025, #Bihar"
stocks acadmy,2025-07-12T06:33:52.000Z,"stocks acadmy
@hayat152030
¬∑
2h
#Nifty50: day time 
Nifty 50 between 25100,24800 is the consolidation range
63",@hayat152030,#Nifty50
BMSMONEY,2025-07-12T06:30:00.000Z,"BMSMONEY
@BMS_MONEY
¬∑
2h
Top 10   Aggressive Hybrid Mutual Funds for 2025 Ranked by composite performance   score
  As of June 30, 2025. 
      https://bmsmoney.com/eng/mutual-fund/top-performing-aggressive-hybrid-fund‚Ä¶
    #mutualfunds #MutualFundsSahiHai #NIFTYFUTURE #nifty50 #NiftyIT   #NiftyMidcap #NiftyBank #niftyOptions #sensex #India #FIIs #DIIs
46",@BMS_MONEY,"#mutualfunds, #MutualFundsSahiHai, #NIFTYFUTURE, #nifty50, #NiftyIT, #NiftyMidcap, #NiftyBank, #niftyOptions, #sensex, #India, #FIIs, #DIIs"
‡§∂‡•á‡§Ø‡§∞ ‡§¨‡§æ‡§ú‡§æ‡§∞ ‡§ï‡§æ ‡§ï‡•Ä‡•ú‡§æ,2025-07-12T06:24:31.000Z,"‡§∂‡•á‡§Ø‡§∞ ‡§¨‡§æ‡§ú‡§æ‡§∞ ‡§ï‡§æ ‡§ï‡•Ä‡•ú‡§æ
@Mukeput
¬∑
2h
*#Nifty50 Index represents over 60% of India‚Äôs total stock market cap* 

If you want simple, diversified exposure to the top 50 firms 
Look at Nifty BeES ETF

 Tracks all 50 Nifty stocks
 High liquidity
 Ultra-low expense ratio
 Trades at 1/100th the value of #Nifty50
2
2
77",@Mukeput,"#Nifty50, #Nifty50"
ET NOW,2025-07-12T06:21:23.000Z,"ET NOW
@ETNOWlive
¬∑
2h
#NewsFatafat | Dalal Street ends week two in red: Broader markets slump as IT & metals drag; FMCG stocks show resilience.

#DalalStreet #StockMarketUpdate #ITStocks #MetalsCrash #FMCG #MarketTrends #Sensex #Nifty50
1.3K",@ETNOWlive,"#NewsFatafat, #DalalStreet, #StockMarketUpdate, #ITStocks, #MetalsCrash, #FMCG, #MarketTrends, #Sensex, #Nifty50"
Firstock,2025-07-12T06:16:59.000Z,"Firstock
@thefirstock
¬∑
2h
Replying to 
@thefirstock
 Stay informed. Invest smart.

#MarketUpdate #WeeklyRecap #Nifty50 #Sensex #IndiaVIX #StockMarket #Firstock #VolatilityTrend¬†#InvestSmart
46","@thefirstock, @thefirstock","#MarketUpdate, #WeeklyRecap, #Nifty50, #Sensex, #IndiaVIX, #StockMarket, #Firstock, #VolatilityTrend, #InvestSmart"
Rajesh,2025-07-12T06:15:15.000Z,"Rajesh
@R2KMB
¬∑
2h
Seems something is pending. Correction continues 

#Nifty50 #StockMarketIndia
43",@R2KMB,"#Nifty50, #StockMarketIndia"
Rajesh,2025-07-12T06:12:20.000Z,"Rajesh
@R2KMB
¬∑
2h
There may be one more dip of ~120 points in NIFTY to set panic for reversal. 

Wait and watch 

#Nifty50 #StockMarketIndia
52",@R2KMB,"#Nifty50, #StockMarketIndia"
Soctr.IN,2025-07-12T06:12:14.000Z,"Soctr.IN
@MySoctr
¬∑
2h
#TCS update #Nuvama 

For more #Updates visit http://my.soctr.in/x And ""follow"" 
@MySoctr


#MarketTrends #StockMarkets #Nifty #BankNifty #FinNifty #NiftyMidcap #NiftySmallCap #nifty50 #investing #BreakoutStocks #StocksInFocus #StocksToWatch #StocksToBuy #StocksToTrade
Show more
169","@MySoctr, @MySoctr","#TCS, #Nuvama, #Updates, #MarketTrends, #StockMarkets, #Nifty, #BankNifty, #FinNifty, #NiftyMidcap, #NiftySmallCap, #nifty50, #investing, #BreakoutStocks, #StocksInFocus, #StocksToWatch, #StocksToBuy, #StocksToTrade"
Arvind R,2025-07-12T06:12:07.000Z,"Arvind R
@StockTalks_
¬∑
2h
A self explanatory chart of #Nifty50.
No buy sale advice, just for educational purposes.
Quote
Arvind R
@StockTalks_
¬∑
19h
Just 2% correction from the recent swing high.
#niftycrash  x.com/StockTalks_/st‚Ä¶
91","@StockTalks_, @StockTalks_","#Nifty50, #niftycrash"
Soctr.IN,2025-07-12T06:11:40.000Z,"Soctr.IN
@MySoctr
¬∑
2h
#DirecttaxcollectionsFY26

For more #Updates visit http://my.soctr.in/x And ""follow"" 
@MySoctr


#MarketTrends #StockMarkets #Nifty #BankNifty #FinNifty #NiftyMidcap #NiftySmallCap #nifty50 #investing #BreakoutStocks #StocksInFocus #StocksToWatch #StocksToBuy #StocksToTrade
Show more
137","@MySoctr, @MySoctr","#DirecttaxcollectionsFY26, #Updates, #MarketTrends, #StockMarkets, #Nifty, #BankNifty, #FinNifty, #NiftyMidcap, #NiftySmallCap, #nifty50, #investing, #BreakoutStocks, #StocksInFocus, #StocksToWatch, #StocksToBuy, #StocksToTrade"
Sanyamjain,2025-07-12T06:09:16.000Z,"Sanyamjain
@Sanyam_Jain__
¬∑
2h
Wastewater management is becoming a big challenge in all major cities
This sector will give some multibaggers in coming years
ENVIRO INFRA ENGINEERS (EIEL) operates mainly in Delhi-NCR region, big opportunity for them

#enviroinfra #enviro #wastewater #delhi #nifty #Nifty50
1
1
4
184",@Sanyam_Jain__,"#enviroinfra, #enviro, #wastewater, #delhi, #nifty, #Nifty50"
MeghaTrader,2025-07-12T06:03:45.000Z,"MeghaTrader
@MeghaTrader_MT
¬∑
2h
Ideal for short

#Nifty50
80",@MeghaTrader_MT,#Nifty50
sana khatri,2025-07-12T06:00:53.000Z,"sana khatri
@ZKarjekar94998
¬∑
2h
Given  on 5th july   NIFTY FRESH ZONE FOR SHORT (SELL) 25491-25613

NOW 350 POINTS DOWN 
POWER OF TIME CYCLE AND INSTITUTIONS SUPPPLY ZONE

#stockmarketcrash 
#trading 
#Nifty50
1
50",@ZKarjekar94998,"#stockmarketcrash, #trading, #Nifty50"
BMSMONEY,2025-07-12T06:00:00.000Z,"BMSMONEY
@BMS_MONEY
¬∑
2h
Top 10   Value Mutual Funds for 2025 Ranked by composite performance score
  As of June 30, 2025. Find the right funds to grow your   portfolio! 
    https://bmsmoney.com/eng/mutual-fund/top-performing-value-fund‚Ä¶
    #mutualfunds #MutualFundsSahiHai #NIFTYFUTURE #nifty50 #NiftyIT   #NiftyMidcap #NiftyBank
Show more
35",@BMS_MONEY,"#mutualfunds, #MutualFundsSahiHai, #NIFTYFUTURE, #nifty50, #NiftyIT, #NiftyMidcap, #NiftyBank"
satyendera tiwari,2025-07-12T06:00:00.000Z,"satyendera tiwari
@viratbharat9
¬∑
2h
Join our official Telegram channel for more insight.
https://t.me/viratbharat9
#stockmarketupdate #trading #investing #equityinvesting #investmentstrategy #swingtrading #investing #finance #equity #marketupdate #nifty50 #sensex #nse #bse #learntotrade #tradingmotivation #banknifty
1
78",@viratbharat9,"#stockmarketupdate, #trading, #investing, #equityinvesting, #investmentstrategy, #swingtrading, #investing, #finance, #equity, #marketupdate, #nifty50, #sensex, #nse, #bse, #learntotrade, #tradingmotivation, #banknifty"
Market Research Analyst (RKSM),2025-07-12T05:59:39.000Z,"Market Research Analyst (RKSM)
@researchrks
¬∑
2h
Kindly do support us & follow for more updates!

SupplyZone-Fri 3PM

#Bitcoin  analyzed by #RKSM (Adv)

Decisions r yours!

#BTCUSDT/#BTC -Associate with us for - #Nifty #Nifty50 #BankNifty #Commodities #stocks #gold #Oil
#DataDecoder #TrendTracker #StockMarket #MarketInsights
1
117",@researchrks,"#Bitcoin, #RKSM, #BTCUSDT, #BTC, #Nifty, #Nifty50, #BankNifty, #Commodities, #stocks, #gold, #Oil, #DataDecoder, #TrendTracker, #StockMarket, #MarketInsights"
Sachin,2025-07-12T05:58:57.000Z,"Sachin
@Sachin94596741
¬∑
2h
Nifty 1 Day Time Frame 25070  50 percent area test Nifty

#Nifty50 #niftyfuture #Nifty 
#indextowatch #indextofocus
Not Sebi registered.
104",@Sachin94596741,"#Nifty50, #niftyfuture, #Nifty, #indextowatch, #indextofocus"
Arpana Santosh,2025-07-12T05:54:53.000Z,"Arpana Santosh
@anu316594
¬∑
3h
Nifty important level for Monday  

#Nifty #Nifty50 #niftycrash 

Don't forget to join our telegram group free for profitable option trading guidance 
101",@anu316594,"#Nifty, #Nifty50, #niftycrash"
MeghaTrader,2025-07-12T05:51:01.000Z,"MeghaTrader
@MeghaTrader_MT
¬∑
3h
Use of swing rule

#Nifty50
1
71",@MeghaTrader_MT,#Nifty50
ScienceofTrading,2025-07-12T05:46:24.000Z,"ScienceofTrading
@TradingScience8
¬∑
3h
09.07.2025 Bank Nifty trade.
#slhunting #stoplosshunting #intradaytrading #intradayhunter #banknifty #optionstrading #beststrategy #beginners #Trader #Trades #stockmarketsindia #livetrading #nifty50 #BankNiftyOptions #tradingmarket
The media could not be played.
Reload
38",@TradingScience8,"#slhunting, #stoplosshunting, #intradaytrading, #intradayhunter, #banknifty, #optionstrading, #beststrategy, #beginners, #Trader, #Trades, #stockmarketsindia, #livetrading, #nifty50, #BankNiftyOptions, #tradingmarket"
 Capital Trends ,2025-07-12T05:45:49.000Z," Capital Trends 
@CapitalTrends
¬∑
3h
#HINDUNILVR leads #Nifty50 components in 1-week performance. http://capitaltrends.in
8
9
109",@CapitalTrends,"#HINDUNILVR, #Nifty50"
MeghaTrader,2025-07-12T05:42:41.000Z,"MeghaTrader
@MeghaTrader_MT
¬∑
3h
A clear cut trendline is the one that connects atleast three points

#Nifty50
60",@MeghaTrader_MT,#Nifty50
FuTo,2025-07-12T05:39:37.000Z,"FuTo
@Funnttoo
¬∑
3h
#Nifty #Nifty50 #investing #breakout #StockslnFocus  #stocks #StocksToBuy #StocksToTrade  #stockmarketindia #trading  #Breakout #Nse  #Sensex  

Nothing is cheaper than Mass Public #Transports 
Don't rush to buy #cars based on #Mileage ,cars need to have many other features
74",@Funnttoo,"#Nifty, #Nifty50, #investing, #breakout, #StockslnFocus, #stocks, #StocksToBuy, #StocksToTrade, #stockmarketindia, #trading, #Breakout, #Nse, #Sensex, #Transports, #cars, #Mileage"
Integrated,2025-07-12T05:31:36.000Z,"Integrated
@IntegratedTweet
¬∑
3h
#weeklymarketsnapshot #nifty50 #nse #bse #nifty50 #sensex #markettrends #stockmarketnews #indianstockmarket #integratedenterprises
50",@IntegratedTweet,"#weeklymarketsnapshot, #nifty50, #nse, #bse, #nifty50, #sensex, #markettrends, #stockmarketnews, #indianstockmarket, #integratedenterprises"
BMSMONEY,2025-07-12T05:30:00.000Z,"BMSMONEY
@BMS_MONEY
¬∑
3h
Top 10   PSU Mutual Funds for 2025 Ranked by composite performance score
  As of June 30, 2025. Handpick the best funds for your portfolio!   
    https://bmsmoney.com/eng/mutual-fund/top-performing-psu-fund‚Ä¶
    #mutualfunds #MutualFundsSahiHai #NIFTYFUTURE #nifty50 #NiftyIT   #NiftyMidcap #NiftyBank #niftyOptions
Show more
1
52",@BMS_MONEY,"#mutualfunds, #MutualFundsSahiHai, #NIFTYFUTURE, #nifty50, #NiftyIT, #NiftyMidcap, #NiftyBank, #niftyOptions"
investingLife,2025-07-12T05:15:28.000Z,"investingLife
@investinglifein
¬∑
3h
Option trading challenge. 
35k to 35L  (weekly report)
Net profit = 45947.
Total capital = 79947.
Just Follow & Like, for regular updates 
#TradingOpportunity
#VerifiedBySensibull  #Nifty50
1
4
190",@investinglifein,"#TradingOpportunity, #VerifiedBySensibull, #Nifty50"
Kalkaji share market Services,2025-07-12T05:14:42.000Z,"Kalkaji share market Services
@kalkaji49808
¬∑
3h
#StockMarket #Investing #Trading #StockMarketIndia #Nifty50 #Sensex #ShareMarket #StockTips #FinancialFreedom #WealthBuilding
44",@kalkaji49808,"#StockMarket, #Investing, #Trading, #StockMarketIndia, #Nifty50, #Sensex, #ShareMarket, #StockTips, #FinancialFreedom, #WealthBuilding"
Green Red Stocks,2025-07-12T05:13:29.000Z,"Green Red Stocks
@GreenRedStocks
¬∑
3h
Nifty/market is trapping Bears for the final time..Getting ready for massive Momentum in august 2025 Dsic: Only  for study purpose.not  an investment advice #Nifty50 #Nifty #banknifty #smallcap #niftysmallcap #niftytoday #niftyfuture
97",@GreenRedStocks,"#Nifty50, #Nifty, #banknifty, #smallcap, #niftysmallcap, #niftytoday, #niftyfuture"
Infintea,2025-07-12T05:06:04.000Z,"Stock Market India
Infintea
@Infintea_
¬∑
3h
#India, #China & #Japan shine in 2025‚Äôs top 10 tech markets!  #Bengaluru, #Beijing & #Tokyo lead as global tech hubs, per Colliers. #TCS #Infosys #Huawei #Sony #ITServices. #StockMarketIndia #IndiaEconomy #Nifty50 #Sensex #RBI #InvestInIndia
The media could not be played.
Reload
123",@Infintea_,"#India, #China, #Japan, #Bengaluru, #Beijing, #Tokyo, #TCS, #Infosys, #Huawei, #Sony, #ITServices, #StockMarketIndia, #IndiaEconomy, #Nifty50, #Sensex, #RBI, #InvestInIndia"
AllAboutNAV,2025-07-12T05:02:17.000Z,"AllAboutNAV
@about_nav
¬∑
3h
#Results Updates:

1. Madhya Bharat Agro (#MBAPL)
2. #Elecon Engineering
3. Avenue Supermarts (#DMART)
4. Aditya Birla Money (#BIRLAMONEY)
5. Nath Bio-Genes (#NATHBIOGEN)
6. #Sanginita Chemicals

#Q1Results #Q1FY26 #Nifty #Nifty50 #NiftyBank #GLENMARK #TCS #Amber #IREDA #BSE
4
609",@about_nav,"#Results, #MBAPL, #Elecon, #DMART, #BIRLAMONEY, #NATHBIOGEN, #Sanginita, #Q1Results, #Q1FY26, #Nifty, #Nifty50, #NiftyBank, #GLENMARK, #TCS, #Amber, #IREDA, #BSE"
BMSMONEY,2025-07-12T05:00:00.000Z,"BMSMONEY
@BMS_MONEY
¬∑
3h
Top 10   Pharma Mutual Funds for 2025 Ranked by composite performance score
  As of June 30, 2025. Explore top-tier funds for your investment   goals! 
    https://bmsmoney.com/eng/mutual-fund/top-performing-pharma-fund‚Ä¶
    #mutualfunds #MutualFundsSahiHai #NIFTYFUTURE #nifty50 #NiftyIT   #NiftyMidcap #NiftyBank
Show more
41",@BMS_MONEY,"#mutualfunds, #MutualFundsSahiHai, #NIFTYFUTURE, #nifty50, #NiftyIT, #NiftyMidcap, #NiftyBank"
‡§∞‡§æ‡§ú‡•á‡§∂ ‡§∏‡§®‡§æ‡§§‡§®‡•Ä,2025-07-12T04:52:18.000Z,"‡§∞‡§æ‡§ú‡•á‡§∂ ‡§∏‡§®‡§æ‡§§‡§®‡•Ä
@rajesh271285400
¬∑
4h
Aur Kuch Gyaani log Ise Jua Bolte hain 
---
 India‚Äôs Bulls Beat the Economy!
Stock Market crosses ‚Çπ400 Lakh Crore ‚Äî More Valuable than India‚Äôs GDP! 
#IndiaShareMarket #GDPvsMarketCap #StockMarketIndia #InvestSmart #Nifty50
43",@rajesh271285400,"#IndiaShareMarket, #GDPvsMarketCap, #StockMarketIndia, #InvestSmart, #Nifty50"
ET NOW,2025-07-12T04:41:03.000Z,"ET NOW
@ETNOWlive
¬∑
4h
India Vs RoW | Here's how the major global indices performed last week 

#Nifty50 #Nasdaq #DowJones #FTSE #CAC #DAX #HangSeng #Kospi #Shanghai #Nikkei
1
1
5
2.1K",@ETNOWlive,"#Nifty50, #Nasdaq, #DowJones, #FTSE, #CAC, #DAX, #HangSeng, #Kospi, #Shanghai, #Nikkei"
MeghaTrader,2025-07-12T04:34:42.000Z,"MeghaTrader
@MeghaTrader_MT
¬∑
4h
Exceptional winner pattern

#Nifty50
1
107",@MeghaTrader_MT,#Nifty50
BMSMONEY,2025-07-12T04:30:00.000Z,"BMSMONEY
@BMS_MONEY
¬∑
4h
Top 10   Manufacturing Mutual Funds for 2025 Ranked by composite performance   score
  As of June 30, 2025. Find the best fund picks to secure your   future! 
    https://bmsmoney.com/eng/mutual-fund/top-performing-manufacturing-fund‚Ä¶
    #mutualfunds #MutualFundsSahiHai #NIFTYFUTURE #nifty50 #NiftyIT   #NiftyMidcap #NiftyBank
Show more
41",@BMS_MONEY,"#mutualfunds, #MutualFundsSahiHai, #NIFTYFUTURE, #nifty50, #NiftyIT, #NiftyMidcap, #NiftyBank"
Green Red Stocks,2025-07-12T04:29:09.000Z,"Green Red Stocks
@GreenRedStocks
¬∑
4h
This one Setting up for well for short term ....Chart looks good... #ALICON #Nifty #banknifty #Nifty50 #SwingTrading
97",@GreenRedStocks,"#ALICON, #Nifty, #banknifty, #Nifty50, #SwingTrading"
Trading Zone,2025-07-12T04:27:54.000Z,"Trading Zone
@prsablue
¬∑
4h
#SAKSOFT

Historical data of 2021,2023 suggested strong moves in July.

We caught this on 3rd July,2025

#nifty #nifty50 #sensex #stockmarket #banknifty #StocksToWatch #giftnifty #StocksInFocus #stocks
Quote
Ravi Sharma
@StocksNerd
¬∑
Jul 6
3:50
A trainee of mine (@prsablue) took a position in #SAKSOFT last week.

He spotted the setup using Shapers, tracked the Price/Volume footprints and backed it up with a solid breakdown.

What stood out even more?
He documented his reasoning, broke it down step-by-step and posted the
5
370","@prsablue, @StocksNerd, @prsablue","#SAKSOFT, #nifty, #nifty50, #sensex, #stockmarket, #banknifty, #StocksToWatch, #giftnifty, #StocksInFocus, #stocks, #SAKSOFT"
Mota Bhai - Chart is King (NISM Certified),2025-07-12T04:27:53.000Z,"Mota Bhai - Chart is King (NISM Certified)
@ASR_Official1
¬∑
4h
#Nifty50 #StockMarketIndia #StockMarketUpdate
1
55",@ASR_Official1,"#Nifty50, #StockMarketIndia, #StockMarketUpdate"
Deepakchandra Maurya,2025-07-12T04:27:26.000Z,"Indian Stock Market
Deepakchandra Maurya
@Elliott_Trader_
¬∑
4h
Nifty View for 14th July...
According to price action or opening of the market u can play this levels...
#Nifty #Nifty50 #niftycrash #stockmarketcrash #StockMarketIndia #StockMarketUpdate #optiontrading #Trending #explore
1
220",@Elliott_Trader_,"#Nifty, #Nifty50, #niftycrash, #stockmarketcrash, #StockMarketIndia, #StockMarketUpdate, #optiontrading, #Trending, #explore"
Komal Securities..,2025-07-12T04:23:53.000Z,"Komal Securities..
@KomalSecurities
¬∑
4h
PM E-Drive scheme will fuel the growth to E-truck manufacturers like #AshokLeyland #TataMotors #EicherMotors etc. as ppl will start shifting from conventional truck to electric truck slowly slowly...

#Komalsecurities #StockMarket #Investing #Equity #Nse #Nifty50.
1
167",@KomalSecurities,"#AshokLeyland, #TataMotors, #EicherMotors, #Komalsecurities, #StockMarket, #Investing, #Equity, #Nse, #Nifty50"
ckacraj,2025-07-12T04:16:03.000Z,"ckacraj
@ckacraj
¬∑
4h
NIFTY: BULL or BEAR? 12-JUL-2025
https://ewavesjournal.blogspot.com/2025/07/nifty-bull-or-bear-12-jul-2025.html‚Ä¶
https://ewavesjournal.blogspot.com/2025/07/nifty-bull-or-bear-25405-analysis-o